Symbol,Status,Rows,StartDate,EndDate,NullValues,DuplicateDates,InvalidOHLCRows,NonPositivePrices,NonPositiveVolumeRows,LargeSingleDayMoves
360ONE,OK,1611,2020-01-01T00:00:00.000000,2026-06-30T00:00:00.000000,0,0,0,0,0,1
AARTIIND,OK,1611,2020-01-01T00:00:00.000000,2026-06-30T00:00:00.000000,0,0,0,0,0,2
ABB,OK,1611,2020-01-01T00:00:00.000000,2026-06-30T00:00:00.000000,0,0,0,0,0,0
ABCAPITAL,OK,1611,2020-01-01T00:00:00.000000,2026-06-30T00:00:00.000000,0,0,0,0,0,0
ABREL,OK,1610,2020-01-01T00:00:00.000000,2026-06-30T00:00:00.000000,0,0,0,0,0,3
ADANIENSOL,OK,1611,2020-01-01T00:00:00.000000,2026-06-30T00:00:00.000000,0,0,0,0,0,8
ADANIENT,OK,1612,2020-01-01T00:00:00.000000,2026-06-30T00:00:00.000000,0,0,0,0,0,11
ADANIGREEN,OK,1611,2020-01-01T00:00:00.000000,2026-06-30T00:00:00.000000,0,0,0,0,0,7
ADANIPORTS,OK,1611,2020-01-01T00:00:00.000000,2026-06-30T00:00:00.000000,0,0,0,0,0,5
ADANIPOWER,OK,1612,2020-01-01T00:00:00.000000,2026-06-30T00:00:00.000000,0,0,0,0,0,10
AEGISLOG,OK,1610,2020-01-01T00:00:00.000000,2026-06-30T00:00:00.000000,0,0,0,0,0,4
AFCONS,OK,408,2024-11-04T00:00:00.000000,2026-06-30T00:00:00.000000,0,0,0,0,0,0
AFFLE,OK,1611,2020-01-01T00:00:00.000000,2026-06-30T00:00:00.000000,0,0,0,0,0,2
ALKEM,OK,1611,2020-01-01T00:00:00.000000,2026-06-30T00:00:00.000000,0,0,0,0,0,0
AMBER,OK,1611,2020-01-01T00:00:00.000000,2026-06-30T00:00:00.000000,0,0,0,0,0,5
AMBUJACEM,OK,1611,2020-01-01T00:00:00.000000,2026-06-30T00:00:00.000000,0,0,0,0,0,3
ANANDRATHI,OK,1126,2021-12-14T00:00:00.000000,2026-06-30T00:00:00.000000,0,0,0,0,0,0
ANANTRAJ,OK,1611,2020-01-01T00:00:00.000000,2026-06-30T00:00:00.000000,0,0,0,0,0,10
ANGELONE,OK,1422,2020-10-05T00:00:00.000000,2026-06-30T00:00:00.000000,0,0,0,0,0,6
APLAPOLLO,OK,1611,2020-01-01T00:00:00.000000,2026-06-30T00:00:00.000000,0,0,0,0,0,1
APOLLOHOSP,OK,1611,2020-01-01T00:00:00.000000,2026-06-30T00:00:00.000000,0,0,0,0,0,1
APTUS,OK,1201,2021-08-24T00:00:00.000000,2026-06-30T00:00:00.000000,0,0,0,0,0,1
ARE&M,OK,1610,2020-01-01T00:00:00.000000,2026-06-30T00:00:00.000000,0,0,0,0,0,2
ASHOKLEY,OK,1612,2020-01-01T00:00:00.000000,2026-06-30T00:00:00.000000,0,0,0,0,0,3
ASIANPAINT,OK,1611,2020-01-01T00:00:00.000000,2026-06-30T00:00:00.000000,0,0,0,0,0,0
ASTERDM,OK,1611,2020-01-01T00:00:00.000000,2026-06-30T00:00:00.000000,0,0,0,0,0,4
ASTRAL,OK,1611,2020-01-01T00:00:00.000000,2026-06-30T00:00:00.000000,0,0,0,0,0,1
ATGL,OK,1611,2020-01-01T00:00:00.000000,2026-06-30T00:00:00.000000,0,0,0,0,0,16
ATHERENERG,OK,286,2025-05-06T00:00:00.000000,2026-06-30T00:00:00.000000,0,0,0,0,0,0
AUBANK,OK,1611,2020-01-01T00:00:00.000000,2026-06-30T00:00:00.000000,0,0,0,0,0,2
AUROPHARMA,OK,1611,2020-01-01T00:00:00.000000,2026-06-30T00:00:00.000000,0,0,0,0,0,5
AXISBANK,OK,1611,2020-01-01T00:00:00.000000,2026-06-30T00:00:00.000000,0,0,0,0,0,2
BAJAJ-AUTO,OK,1611,2020-01-01T00:00:00.000000,2026-06-30T00:00:00.000000,0,0,0,0,0,0
BAJAJFINSV,OK,1611,2020-01-01T00:00:00.000000,2026-06-30T00:00:00.000000,0,0,0,0,0,1
BAJAJHLDNG,OK,1611,2020-01-01T00:00:00.000000,2026-06-30T00:00:00.000000,0,0,0,0,0,2
BAJFINANCE,OK,1612,2020-01-01T00:00:00.000000,2026-06-30T00:00:00.000000,0,0,0,0,0,1
BANDHANBNK,OK,1611,2020-01-01T00:00:00.000000,2026-06-30T00:00:00.000000,0,0,0,0,0,6
BANKBARODA,OK,1611,2020-01-01T00:00:00.000000,2026-06-30T00:00:00.000000,0,0,0,0,0,2
BANKINDIA,OK,1611,2020-01-01T00:00:00.000000,2026-06-30T00:00:00.000000,0,0,0,0,0,3
BDL,OK,1611,2020-01-01T00:00:00.000000,2026-06-30T00:00:00.000000,0,0,0,0,0,2
BEL,OK,1611,2020-01-01T00:00:00.000000,2026-06-30T00:00:00.000000,0,0,0,0,0,4
BEML,OK,1612,2020-01-01T00:00:00.000000,2026-06-30T00:00:00.000000,0,0,0,0,0,8
BHARATFORG,OK,1611,2020-01-01T00:00:00.000000,2026-06-30T00:00:00.000000,0,0,0,0,0,3
BHARTIARTL,OK,1611,2020-01-01T00:00:00.000000,2026-06-30T00:00:00.000000,0,0,0,0,0,0
BHEL,OK,1611,2020-01-01T00:00:00.000000,2026-06-30T00:00:00.000000,0,0,0,0,0,3
BIOCON,OK,1611,2020-01-01T00:00:00.000000,2026-06-30T00:00:00.000000,0,0,0,0,0,0
BLS,OK,1611,2020-01-01T00:00:00.000000,2026-06-30T00:00:00.000000,0,0,0,0,0,10
BLUESTARCO,OK,1611,2020-01-01T00:00:00.000000,2026-06-30T00:00:00.000000,0,0,0,0,0,0
BOSCHLTD,OK,1611,2020-01-01T00:00:00.000000,2026-06-30T00:00:00.000000,0,0,0,0,0,0
BPCL,OK,1611,2020-01-01T00:00:00.000000,2026-06-30T00:00:00.000000,0,0,0,0,0,2
BRIGADE,OK,1612,2020-01-01T00:00:00.000000,2026-06-30T00:00:00.000000,0,0,0,0,0,1
BRITANNIA,OK,1611,2020-01-01T00:00:00.000000,2026-06-30T00:00:00.000000,0,0,0,0,0,0
BSE,OK,1612,2020-01-01T00:00:00.000000,2026-06-30T00:00:00.000000,0,0,0,0,0,4
CAMS,OK,1422,2020-10-05T00:00:00.000000,2026-06-30T00:00:00.000000,0,0,0,0,0,0
CANBK,OK,1611,2020-01-01T00:00:00.000000,2026-06-30T00:00:00.000000,0,0,0,0,0,3
CASTROLIND,OK,1611,2020-01-01T00:00:00.000000,2026-06-30T00:00:00.000000,0,0,0,0,0,1
CDSL,OK,1612,2020-01-01T00:00:00.000000,2026-06-30T00:00:00.000000,0,0,0,0,0,3
CESC,OK,1611,2020-01-01T00:00:00.000000,2026-06-30T00:00:00.000000,0,0,0,0,0,2
CGCL,OK,1611,2020-01-01T00:00:00.000000,2026-06-30T00:00:00.000000,0,0,0,0,0,10
CGPOWER,OK,1611,2020-01-01T00:00:00.000000,2026-06-30T00:00:00.000000,0,0,0,0,0,1
CHAMBLFERT,OK,1611,2020-01-01T00:00:00.000000,2026-06-30T00:00:00.000000,0,0,0,0,0,2
CHOLAFIN,OK,1611,2020-01-01T00:00:00.000000,2026-06-30T00:00:00.000000,0,0,0,0,0,3
CHOLAHLDNG,OK,1611,2020-01-01T00:00:00.000000,2026-06-30T00:00:00.000000,0,0,0,0,0,1
CIPLA,OK,1611,2020-01-01T00:00:00.000000,2026-06-30T00:00:00.000000,0,0,0,0,0,0
COALINDIA,OK,1611,2020-01-01T00:00:00.000000,2026-06-30T00:00:00.000000,0,0,0,0,0,0
COCHINSHIP,OK,1611,2020-01-01T00:00:00.000000,2026-06-30T00:00:00.000000,0,0,0,0,0,7
COFORGE,OK,1612,2020-01-01T00:00:00.000000,2026-06-30T00:00:00.000000,0,0,0,0,0,5
COHANCE,OK,1563,2020-03-09T00:00:00.000000,2026-06-30T00:00:00.000000,0,0,0,0,0,5
COLPAL,OK,1611,2020-01-01T00:00:00.000000,2026-06-30T00:00:00.000000,0,0,0,0,0,0
CONCOR,OK,1612,2020-01-01T00:00:00.000000,2026-06-30T00:00:00.000000,0,0,0,0,0,3
COROMANDEL,OK,1611,2020-01-01T00:00:00.000000,2026-06-30T00:00:00.000000,0,0,0,0,0,0
CREDITACC,OK,1611,2020-01-01T00:00:00.000000,2026-06-30T00:00:00.000000,0,0,0,0,0,3
CROMPTON,OK,1611,2020-01-01T00:00:00.000000,2026-06-30T00:00:00.000000,0,0,0,0,0,1
CUB,OK,1612,2020-01-01T00:00:00.000000,2026-06-30T00:00:00.000000,0,0,0,0,0,2
CUMMINSIND,OK,1611,2020-01-01T00:00:00.000000,2026-06-30T00:00:00.000000,0,0,0,0,0,0
DABUR,OK,1611,2020-01-01T00:00:00.000000,2026-06-30T00:00:00.000000,0,0,0,0,0,0
DATAPATTNS,OK,1117,2021-12-24T00:00:00.000000,2026-06-30T00:00:00.000000,0,0,0,0,0,0
DEEPAKFERT,OK,1611,2020-01-01T00:00:00.000000,2026-06-30T00:00:00.000000,0,0,0,0,0,4
DELHIVERY,OK,1016,2022-05-24T00:00:00.000000,2026-06-30T00:00:00.000000,0,0,0,0,0,2
DEVYANI,OK,1206,2021-08-16T00:00:00.000000,2026-06-30T00:00:00.000000,0,0,0,0,0,0
DIVISLAB,OK,1611,2020-01-01T00:00:00.000000,2026-06-30T00:00:00.000000,0,0,0,0,0,0
DIXON,OK,1611,2020-01-01T00:00:00.000000,2026-06-30T00:00:00.000000,0,0,0,0,0,1
DLF,OK,1611,2020-01-01T00:00:00.000000,2026-06-30T00:00:00.000000,0,0,0,0,0,0
DMART,OK,1611,2020-01-01T00:00:00.000000,2026-06-30T00:00:00.000000,0,0,0,0,0,0
DRREDDY,OK,1612,2020-01-01T00:00:00.000000,2026-06-30T00:00:00.000000,0,0,0,0,0,0
EICHERMOT,OK,1611,2020-01-01T00:00:00.000000,2026-06-30T00:00:00.000000,0,0,0,0,0,0
ENRIN,OK,254,2025-06-19T00:00:00.000000,2026-06-30T00:00:00.000000,0,0,0,0,0,0
ETERNAL,OK,1221,2021-07-23T00:00:00.000000,2026-06-30T00:00:00.000000,0,0,0,0,0,2
EXIDEIND,OK,1611,2020-01-01T00:00:00.000000,2026-06-30T00:00:00.000000,0,0,0,0,0,1
FEDERALBNK,OK,1611,2020-01-01T00:00:00.000000,2026-06-30T00:00:00.000000,0,0,0,0,0,1
FIRSTCRY,OK,465,2024-08-13T00:00:00.000000,2026-06-30T00:00:00.000000,0,0,0,0,0,2
FIVESTAR,OK,893,2022-11-21T00:00:00.000000,2026-06-30T00:00:00.000000,0,0,0,0,0,1
FORCEMOT,OK,1535,2020-01-01T00:00:00.000000,2026-06-30T00:00:00.000000,0,0,0,0,0,8
FORTIS,OK,1611,2020-01-01T00:00:00.000000,2026-06-30T00:00:00.000000,0,0,0,0,0,0
FSL,OK,1611,2020-01-01T00:00:00.000000,2026-06-30T00:00:00.000000,0,0,0,0,0,4
GAIL,OK,1611,2020-01-01T00:00:00.000000,2026-06-30T00:00:00.000000,0,0,0,0,0,4
GESHIP,OK,1611,2020-01-01T00:00:00.000000,2026-06-30T00:00:00.000000,0,0,0,0,0,2
GLAND,OK,1387,2020-11-20T00:00:00.000000,2026-06-30T00:00:00.000000,0,0,0,0,0,5
GLENMARK,OK,1611,2020-01-01T00:00:00.000000,2026-06-30T00:00:00.000000,0,0,0,0,0,3
GMDCLTD,OK,1611,2020-01-01T00:00:00.000000,2026-06-30T00:00:00.000000,0,0,0,0,0,6
GMRAIRPORT,OK,1610,2020-01-01T00:00:00.000000,2026-06-30T00:00:00.000000,0,0,0,0,0,0
GODFRYPHLP,OK,1612,2020-01-01T00:00:00.000000,2026-06-30T00:00:00.000000,0,0,0,0,0,7
GODREJCP,OK,1611,2020-01-01T00:00:00.000000,2026-06-30T00:00:00.000000,0,0,0,0,0,1
GODREJPROP,OK,1611,2020-01-01T00:00:00.000000,2026-06-30T00:00:00.000000,0,0,0,0,0,2
GPIL,OK,1612,2020-01-01T00:00:00.000000,2026-06-30T00:00:00.000000,0,0,0,0,0,3
GRASIM,OK,1611,2020-01-01T00:00:00.000000,2026-06-30T00:00:00.000000,0,0,0,0,0,1
GROWW,OK,155,2025-11-12T00:00:00.000000,2026-06-30T00:00:00.000000,0,0,0,0,0,1
GRSE,OK,1611,2020-01-01T00:00:00.000000,2026-06-30T00:00:00.000000,0,0,0,0,0,5
GVT&D,OK,1610,2020-01-01T00:00:00.000000,2026-06-30T00:00:00.000000,0,0,0,0,0,1
HAL,OK,1611,2020-01-01T00:00:00.000000,2026-06-30T00:00:00.000000,0,0,0,0,0,2
HAVELLS,OK,1611,2020-01-01T00:00:00.000000,2026-06-30T00:00:00.000000,0,0,0,0,0,0
HBLENGINE,OK,1611,2020-01-01T00:00:00.000000,2026-06-30T00:00:00.000000,0,0,0,0,0,6
HCLTECH,OK,1611,2020-01-01T00:00:00.000000,2026-06-30T00:00:00.000000,0,0,0,0,0,0
HDFCAMC,OK,1612,2020-01-01T00:00:00.000000,2026-06-30T00:00:00.000000,0,0,0,0,0,2
HDFCBANK,OK,1612,2020-01-01T00:00:00.000000,2026-06-30T00:00:00.000000,0,0,0,0,0,0
HDFCLIFE,OK,1611,2020-01-01T00:00:00.000000,2026-06-30T00:00:00.000000,0,0,0,0,0,1
HEROMOTOCO,OK,1611,2020-01-01T00:00:00.000000,2026-06-30T00:00:00.000000,0,0,0,0,0,0
HINDALCO,OK,1611,2020-01-01T00:00:00.000000,2026-06-30T00:00:00.000000,0,0,0,0,0,2
HINDCOPPER,OK,1611,2020-01-01T00:00:00.000000,2026-06-30T00:00:00.000000,0,0,0,0,0,5
HINDPETRO,OK,1611,2020-01-01T00:00:00.000000,2026-06-30T00:00:00.000000,0,0,0,0,0,1
HINDUNILVR,OK,1612,2020-01-01T00:00:00.000000,2026-06-30T00:00:00.000000,0,0,0,0,0,0
HINDZINC,OK,1611,2020-01-01T00:00:00.000000,2026-06-30T00:00:00.000000,0,0,0,0,0,3
HSCL,OK,1611,2020-01-01T00:00:00.000000,2026-06-30T00:00:00.000000,0,0,0,0,0,4
HUDCO,OK,1611,2020-01-01T00:00:00.000000,2026-06-30T00:00:00.000000,0,0,0,0,0,5
HYUNDAI,OK,417,2024-10-22T00:00:00.000000,2026-06-30T00:00:00.000000,0,0,0,0,0,0
ICICIAMC,OK,128,2025-12-19T00:00:00.000000,2026-06-30T00:00:00.000000,0,0,0,0,0,0
ICICIBANK,OK,1611,2020-01-01T00:00:00.000000,2026-06-30T00:00:00.000000,0,0,0,0,0,1
ICICIGI,OK,1611,2020-01-01T00:00:00.000000,2026-06-30T00:00:00.000000,0,0,0,0,0,2
IDBI,OK,1611,2020-01-01T00:00:00.000000,2026-06-30T00:00:00.000000,0,0,0,0,0,8
IDEA,OK,1611,2020-01-01T00:00:00.000000,2026-06-30T00:00:00.000000,0,0,0,0,0,24
IDFCFIRSTB,OK,1611,2020-01-01T00:00:00.000000,2026-06-30T00:00:00.000000,0,0,0,0,0,2
IFCI,OK,1611,2020-01-01T00:00:00.000000,2026-06-30T00:00:00.000000,0,0,0,0,0,20
IGL,OK,1612,2020-01-01T00:00:00.000000,2026-06-30T00:00:00.000000,0,0,0,0,0,1
IIFL,OK,1611,2020-01-01T00:00:00.000000,2026-06-30T00:00:00.000000,0,0,0,0,0,6
IKS,OK,377,2024-12-19T00:00:00.000000,2026-06-30T00:00:00.000000,0,0,0,0,0,0
INDHOTEL,OK,1611,2020-01-01T00:00:00.000000,2026-06-30T00:00:00.000000,0,0,0,0,0,1
INDIANB,OK,1611,2020-01-01T00:00:00.000000,2026-06-30T00:00:00.000000,0,0,0,0,0,2
INDIGO,OK,1611,2020-01-01T00:00:00.000000,2026-06-30T00:00:00.000000,0,0,0,0,0,0
INDUSINDBK,OK,1611,2020-01-01T00:00:00.000000,2026-06-30T00:00:00.000000,0,0,0,0,0,8
INDUSTOWER,OK,1611,2020-01-01T00:00:00.000000,2026-06-30T00:00:00.000000,0,0,0,0,0,6
INFY,OK,1611,2020-01-01T00:00:00.000000,2026-06-30T00:00:00.000000,0,0,0,0,0,0
INOXWIND,OK,1612,2020-01-01T00:00:00.000000,2026-06-30T00:00:00.000000,0,0,0,0,0,7
IOC,OK,1611,2020-01-01T00:00:00.000000,2026-06-30T00:00:00.000000,0,0,0,0,0,0
IRCON,OK,1611,2020-01-01T00:00:00.000000,2026-06-30T00:00:00.000000,0,0,0,0,0,8
IRCTC,OK,1611,2020-01-01T00:00:00.000000,2026-06-30T00:00:00.000000,0,0,0,0,0,3
IREDA,OK,639,2023-11-29T00:00:00.000000,2026-06-30T00:00:00.000000,0,0,0,0,0,2
IRFC,OK,1340,2021-01-29T00:00:00.000000,2026-06-30T00:00:00.000000,0,0,0,0,0,2
ITC,OK,1612,2020-01-01T00:00:00.000000,2026-06-30T00:00:00.000000,0,0,0,0,0,0
ITI,OK,1611,2020-01-01T00:00:00.000000,2026-06-30T00:00:00.000000,0,0,0,0,0,16
JBMA,OK,1612,2020-01-01T00:00:00.000000,2026-06-30T00:00:00.000000,0,0,0,0,0,7
JINDALSTEL,OK,1611,2020-01-01T00:00:00.000000,2026-06-30T00:00:00.000000,0,0,0,0,0,2
JIOFIN,OK,707,2023-08-21T00:00:00.000000,2026-06-30T00:00:00.000000,0,0,0,0,0,0
JMFINANCIL,OK,1611,2020-01-01T00:00:00.000000,2026-06-30T00:00:00.000000,0,0,0,0,0,3
JSWCEMENT,OK,214,2025-08-14T00:00:00.000000,2026-06-30T00:00:00.000000,0,0,0,0,0,0
JSWENERGY,OK,1611,2020-01-01T00:00:00.000000,2026-06-30T00:00:00.000000,0,0,0,0,0,2
JSWSTEEL,OK,1611,2020-01-01T00:00:00.000000,2026-06-30T00:00:00.000000,0,0,0,0,0,1
JUBLFOOD,OK,1611,2020-01-01T00:00:00.000000,2026-06-30T00:00:00.000000,0,0,0,0,0,3
JYOTICNC,OK,606,2024-01-16T00:00:00.000000,2026-06-30T00:00:00.000000,0,0,0,0,0,1
KALYANKJIL,OK,1301,2021-03-26T00:00:00.000000,2026-06-30T00:00:00.000000,0,0,0,0,0,1
KARURVYSYA,OK,1611,2020-01-01T00:00:00.000000,2026-06-30T00:00:00.000000,0,0,0,0,0,2
KAYNES,OK,892,2022-11-22T00:00:00.000000,2026-06-30T00:00:00.000000,0,0,0,0,0,4
KEC,OK,1611,2020-01-01T00:00:00.000000,2026-06-30T00:00:00.000000,0,0,0,0,0,1
KEI,OK,1611,2020-01-01T00:00:00.000000,2026-06-30T00:00:00.000000,0,0,0,0,0,2
KFINTECH,OK,865,2022-12-29T00:00:00.000000,2026-06-30T00:00:00.000000,0,0,0,0,0,1
KOTAKBANK,OK,1612,2020-01-01T00:00:00.000000,2026-06-30T00:00:00.000000,0,0,0,0,0,0
KPITTECH,OK,1611,2020-01-01T00:00:00.000000,2026-06-30T00:00:00.000000,0,0,0,0,0,2
LALPATHLAB,OK,1612,2020-01-01T00:00:00.000000,2026-06-30T00:00:00.000000,0,0,0,0,0,1
LAURUSLABS,OK,1611,2020-01-01T00:00:00.000000,2026-06-30T00:00:00.000000,0,0,0,0,0,1
LENSKART,OK,157,2025-11-10T00:00:00.000000,2026-06-30T00:00:00.000000,0,0,0,0,0,0
LGEINDIA,OK,174,2025-10-14T00:00:00.000000,2026-06-30T00:00:00.000000,0,0,0,0,0,0
LICHSGFIN,OK,1611,2020-01-01T00:00:00.000000,2026-06-30T00:00:00.000000,0,0,0,0,0,1
LODHA,OK,1288,2021-04-19T00:00:00.000000,2026-06-30T00:00:00.000000,0,0,0,0,0,1
LT,OK,1611,2020-01-01T00:00:00.000000,2026-06-30T00:00:00.000000,0,0,0,0,0,1
LTF,OK,1610,2020-01-01T00:00:00.000000,2026-06-30T00:00:00.000000,0,0,0,0,0,3
LTM,OK,1610,2020-01-01T00:00:00.000000,2026-06-30T00:00:00.000000,0,0,0,0,0,1
LUPIN,OK,1611,2020-01-01T00:00:00.000000,2026-06-30T00:00:00.000000,0,0,0,0,0,0
M&M,OK,1611,2020-01-01T00:00:00.000000,2026-06-30T00:00:00.000000,0,0,0,0,0,1
M&MFIN,OK,1612,2020-01-01T00:00:00.000000,2026-06-30T00:00:00.000000,0,0,0,0,0,2
MANAPPURAM,OK,1611,2020-01-01T00:00:00.000000,2026-06-30T00:00:00.000000,0,0,0,0,0,5
MANKIND,OK,779,2023-05-09T00:00:00.000000,2026-06-30T00:00:00.000000,0,0,0,0,0,0
MARICO,OK,1611,2020-01-01T00:00:00.000000,2026-06-30T00:00:00.000000,0,0,0,0,0,0
MARUTI,OK,1611,2020-01-01T00:00:00.000000,2026-06-30T00:00:00.000000,0,0,0,0,0,1
MAXHEALTH,OK,1451,2020-08-21T00:00:00.000000,2026-06-30T00:00:00.000000,0,0,0,0,0,1
MAZDOCK,OK,1417,2020-10-12T00:00:00.000000,2026-06-30T00:00:00.000000,0,0,0,0,0,5
MCX,OK,1612,2020-01-01T00:00:00.000000,2026-06-30T00:00:00.000000,0,0,0,0,0,1
MEESHO,OK,135,2025-12-10T00:00:00.000000,2026-06-30T00:00:00.000000,0,0,0,0,0,1
MFSL,OK,1611,2020-01-01T00:00:00.000000,2026-06-30T00:00:00.000000,0,0,0,0,0,3
MOTHERSON,OK,1611,2020-01-01T00:00:00.000000,2026-06-30T00:00:00.000000,0,0,0,0,0,5
MOTILALOFS,OK,1611,2020-01-01T00:00:00.000000,2026-06-30T00:00:00.000000,0,0,0,0,0,1
MPHASIS,OK,1611,2020-01-01T00:00:00.000000,2026-06-30T00:00:00.000000,0,0,0,0,0,0
MRF,OK,1611,2020-01-01T00:00:00.000000,2026-06-30T00:00:00.000000,0,0,0,0,0,0
MRPL,OK,1611,2020-01-01T00:00:00.000000,2026-06-30T00:00:00.000000,0,0,0,0,0,9
MUTHOOTFIN,OK,1611,2020-01-01T00:00:00.000000,2026-06-30T00:00:00.000000,0,0,0,0,0,4
NATCOPHARM,OK,1611,2020-01-01T00:00:00.000000,2026-06-30T00:00:00.000000,0,0,0,0,0,3
NATIONALUM,OK,1611,2020-01-01T00:00:00.000000,2026-06-30T00:00:00.000000,0,0,0,0,0,1
NAUKRI,OK,1612,2020-01-01T00:00:00.000000,2026-06-30T00:00:00.000000,0,0,0,0,0,1
NAVINFLUOR,OK,1611,2020-01-01T00:00:00.000000,2026-06-30T00:00:00.000000,0,0,0,0,0,2
NBCC,OK,1612,2020-01-01T00:00:00.000000,2026-06-30T00:00:00.000000,0,0,0,0,0,2
NESTLEIND,OK,1612,2020-01-01T00:00:00.000000,2026-06-30T00:00:00.000000,0,0,0,0,0,0
NETWEB,OK,723,2023-07-27T00:00:00.000000,2026-06-30T00:00:00.000000,0,0,0,0,0,1
NEULANDLAB,OK,1611,2020-01-01T00:00:00.000000,2026-06-30T00:00:00.000000,0,0,0,0,0,8
NH,OK,1611,2020-01-01T00:00:00.000000,2026-06-30T00:00:00.000000,0,0,0,0,0,1
NHPC,OK,1611,2020-01-01T00:00:00.000000,2026-06-30T00:00:00.000000,0,0,0,0,0,2
NMDC,OK,1612,2020-01-01T00:00:00.000000,2026-06-30T00:00:00.000000,0,0,0,0,0,0
NTPC,OK,1611,2020-01-01T00:00:00.000000,2026-06-30T00:00:00.000000,0,0,0,0,0,1
NUVAMA,OK,683,2023-09-26T00:00:00.000000,2026-06-30T00:00:00.000000,0,0,0,0,0,0
NYKAA,OK,1148,2021-11-10T00:00:00.000000,2026-06-30T00:00:00.000000,0,0,0,0,0,1
OBEROIRLTY,OK,1611,2020-01-01T00:00:00.000000,2026-06-30T00:00:00.000000,0,0,0,0,0,1
OFSS,OK,1611,2020-01-01T00:00:00.000000,2026-06-30T00:00:00.000000,0,0,0,0,0,2
OIL,OK,1611,2020-01-01T00:00:00.000000,2026-06-30T00:00:00.000000,0,0,0,0,0,1
OLAELEC,OK,466,2024-08-09T00:00:00.000000,2026-06-30T00:00:00.000000,0,0,0,0,0,7
ONGC,OK,1611,2020-01-01T00:00:00.000000,2026-06-30T00:00:00.000000,0,0,0,0,0,4
PAGEIND,OK,1611,2020-01-01T00:00:00.000000,2026-06-30T00:00:00.000000,0,0,0,0,0,0
PATANJALI,OK,1594,2020-01-27T00:00:00.000000,2026-06-30T00:00:00.000000,0,0,0,0,0,2
PAYTM,OK,1142,2021-11-18T00:00:00.000000,2026-06-30T00:00:00.000000,0,0,0,0,0,5
PERSISTENT,OK,1611,2020-01-01T00:00:00.000000,2026-06-30T00:00:00.000000,0,0,0,0,0,0
PFC,OK,1611,2020-01-01T00:00:00.000000,2026-06-30T00:00:00.000000,0,0,0,0,0,1
PGEL,OK,1611,2020-01-01T00:00:00.000000,2026-06-30T00:00:00.000000,0,0,0,0,0,2
PHOENIXLTD,OK,1612,2020-01-01T00:00:00.000000,2026-06-30T00:00:00.000000,0,0,0,0,0,1
PIDILITIND,OK,1612,2020-01-01T00:00:00.000000,2026-06-30T00:00:00.000000,0,0,0,0,0,1
PIIND,OK,1611,2020-01-01T00:00:00.000000,2026-06-30T00:00:00.000000,0,0,0,0,0,0
PINELABS,OK,153,2025-11-14T00:00:00.000000,2026-06-30T00:00:00.000000,0,0,0,0,0,0
PIRAMALFIN,OK,158,2025-11-07T00:00:00.000000,2026-06-30T00:00:00.000000,0,0,0,0,0,0
PNB,OK,1611,2020-01-01T00:00:00.000000,2026-06-30T00:00:00.000000,0,0,0,0,0,1
PNBHOUSING,OK,1611,2020-01-01T00:00:00.000000,2026-06-30T00:00:00.000000,0,0,0,0,0,5
POLICYBZR,OK,1145,2021-11-15T00:00:00.000000,2026-06-30T00:00:00.000000,0,0,0,0,0,1
POLYCAB,OK,1611,2020-01-01T00:00:00.000000,2026-06-30T00:00:00.000000,0,0,0,0,0,3
POONAWALLA,OK,1611,2020-01-01T00:00:00.000000,2026-06-30T00:00:00.000000,0,0,0,0,0,3
POWERGRID,OK,1611,2020-01-01T00:00:00.000000,2026-06-30T00:00:00.000000,0,0,0,0,0,0
POWERINDIA,OK,1549,2020-03-30T00:00:00.000000,2026-06-30T00:00:00.000000,0,0,0,0,0,1
PPLPHARMA,OK,914,2022-10-19T00:00:00.000000,2026-06-30T00:00:00.000000,0,0,0,0,0,1
PREMIERENE,OK,451,2024-09-03T00:00:00.000000,2026-06-30T00:00:00.000000,0,0,0,0,0,1
PRESTIGE,OK,1611,2020-01-01T00:00:00.000000,2026-06-30T00:00:00.000000,0,0,0,0,0,3
PWL,OK,151,2025-11-18T00:00:00.000000,2026-06-30T00:00:00.000000,0,0,0,0,0,2
RADICO,OK,1611,2020-01-01T00:00:00.000000,2026-06-30T00:00:00.000000,0,0,0,0,0,1
RAMCOCEM,OK,1611,2020-01-01T00:00:00.000000,2026-06-30T00:00:00.000000,0,0,0,0,0,1
RBLBANK,OK,1611,2020-01-01T00:00:00.000000,2026-06-30T00:00:00.000000,0,0,0,0,0,8
RECLTD,OK,1611,2020-01-01T00:00:00.000000,2026-06-30T00:00:00.000000,0,0,0,0,0,3
REDINGTON,OK,1611,2020-01-01T00:00:00.000000,2026-06-30T00:00:00.000000,0,0,0,0,0,8
RELIANCE,OK,1612,2020-01-01T00:00:00.000000,2026-06-30T00:00:00.000000,0,0,0,0,0,0
RPOWER,OK,1611,2020-01-01T00:00:00.000000,2026-06-30T00:00:00.000000,0,0,0,0,0,6
RVNL,OK,1611,2020-01-01T00:00:00.000000,2026-06-30T00:00:00.000000,0,0,0,0,0,7
SAGILITY,OK,402,2024-11-12T00:00:00.000000,2026-06-30T00:00:00.000000,0,0,0,0,0,0
SAIL,OK,1611,2020-01-01T00:00:00.000000,2026-06-30T00:00:00.000000,0,0,0,0,0,2
SAILIFE,OK,378,2024-12-18T00:00:00.000000,2026-06-30T00:00:00.000000,0,0,0,0,0,1
SARDAEN,OK,1611,2020-01-01T00:00:00.000000,2026-06-30T00:00:00.000000,0,0,0,0,0,3
SBICARD,OK,1559,2020-03-16T00:00:00.000000,2026-06-30T00:00:00.000000,0,0,0,0,0,2
SBILIFE,OK,1611,2020-01-01T00:00:00.000000,2026-06-30T00:00:00.000000,0,0,0,0,0,0
SBIN,OK,1611,2020-01-01T00:00:00.000000,2026-06-30T00:00:00.000000,0,0,0,0,0,0
SHREECEM,OK,1611,2020-01-01T00:00:00.000000,2026-06-30T00:00:00.000000,0,0,0,0,0,0
SHRIRAMFIN,OK,1612,2020-01-01T00:00:00.000000,2026-06-30T00:00:00.000000,0,0,0,0,0,6
SIEMENS,OK,1612,2020-01-01T00:00:00.000000,2026-06-30T00:00:00.000000,0,0,0,0,0,0
SIGNATURE,OK,681,2023-09-27T00:00:00.000000,2026-06-30T00:00:00.000000,0,0,0,0,0,1
SOLARINDS,OK,1611,2020-01-01T00:00:00.000000,2026-06-30T00:00:00.000000,0,0,0,0,0,0
SONACOMS,OK,1242,2021-06-24T00:00:00.000000,2026-06-30T00:00:00.000000,0,0,0,0,0,1
SRF,OK,1611,2020-01-01T00:00:00.000000,2026-06-30T00:00:00.000000,0,0,0,0,0,3
STARHEALTH,OK,1127,2021-12-10T00:00:00.000000,2026-06-30T00:00:00.000000,0,0,0,0,0,0
SUNPHARMA,OK,1611,2020-01-01T00:00:00.000000,2026-06-30T00:00:00.000000,0,0,0,0,0,0
SUPREMEIND,OK,1611,2020-01-01T00:00:00.000000,2026-06-30T00:00:00.000000,0,0,0,0,0,0
SUZLON,OK,1611,2020-01-01T00:00:00.000000,2026-06-30T00:00:00.000000,0,0,0,0,0,6
SWANCORP,OK,1610,2020-01-01T00:00:00.000000,2026-06-30T00:00:00.000000,0,0,0,0,0,7
SWIGGY,OK,401,2024-11-13T00:00:00.000000,2026-06-30T00:00:00.000000,0,0,0,0,0,0
SYNGENE,OK,1611,2020-01-01T00:00:00.000000,2026-06-30T00:00:00.000000,0,0,0,0,0,0
TATACAP,OK,175,2025-10-13T00:00:00.000000,2026-06-30T00:00:00.000000,0,0,0,0,0,0
TATACHEM,OK,1611,2020-01-01T00:00:00.000000,2026-06-30T00:00:00.000000,0,0,0,0,0,0
TATACOMM,OK,1611,2020-01-01T00:00:00.000000,2026-06-30T00:00:00.000000,0,0,0,0,0,2
TATACONSUM,OK,1612,2020-01-01T00:00:00.000000,2026-06-30T00:00:00.000000,0,0,0,0,0,0
TATAELXSI,OK,1611,2020-01-01T00:00:00.000000,2026-06-30T00:00:00.000000,0,0,0,0,0,2
TATAINVEST,OK,1612,2020-01-01T00:00:00.000000,2026-06-30T00:00:00.000000,0,0,0,0,0,7
TATAPOWER,OK,1611,2020-01-01T00:00:00.000000,2026-06-30T00:00:00.000000,0,0,0,0,0,1
TATASTEEL,OK,1611,2020-01-01T00:00:00.000000,2026-06-30T00:00:00.000000,0,0,0,0,0,0
TATATECH,OK,638,2023-11-30T00:00:00.000000,2026-06-30T00:00:00.000000,0,0,0,0,0,0
TCS,OK,1612,2020-01-01T00:00:00.000000,2026-06-30T00:00:00.000000,0,0,0,0,0,0
TECHM,OK,1611,2020-01-01T00:00:00.000000,2026-06-30T00:00:00.000000,0,0,0,0,0,1
TENNIND,OK,150,2025-11-19T00:00:00.000000,2026-06-30T00:00:00.000000,0,0,0,0,0,0
TIINDIA,OK,1611,2020-01-01T00:00:00.000000,2026-06-30T00:00:00.000000,0,0,0,0,0,1
TITAN,OK,1611,2020-01-01T00:00:00.000000,2026-06-30T00:00:00.000000,0,0,0,0,0,0
TMCV,OK,155,2025-11-12T00:00:00.000000,2026-06-30T00:00:00.000000,0,0,0,0,0,0
TMPV,OK,1611,2020-01-01T00:00:00.000000,2026-06-30T00:00:00.000000,0,0,0,0,0,3
TORNTPHARM,OK,1611,2020-01-01T00:00:00.000000,2026-06-30T00:00:00.000000,0,0,0,0,0,3
TRENT,OK,1612,2020-01-01T00:00:00.000000,2026-06-30T00:00:00.000000,0,0,0,0,0,2
TRITURBINE,OK,1611,2020-01-01T00:00:00.000000,2026-06-30T00:00:00.000000,0,0,0,0,0,4
TVSMOTOR,OK,1611,2020-01-01T00:00:00.000000,2026-06-30T00:00:00.000000,0,0,0,0,0,0
ULTRACEMCO,OK,1611,2020-01-01T00:00:00.000000,2026-06-30T00:00:00.000000,0,0,0,0,0,0
UNIONBANK,OK,1611,2020-01-01T00:00:00.000000,2026-06-30T00:00:00.000000,0,0,0,0,0,2
UNITDSPR,OK,1610,2020-01-01T00:00:00.000000,2026-06-30T00:00:00.000000,0,0,0,0,0,0
UPL,OK,1612,2020-01-01T00:00:00.000000,2026-06-30T00:00:00.000000,0,0,0,0,0,2
URBANCO,OK,192,2025-09-17T00:00:00.000000,2026-06-30T00:00:00.000000,0,0,0,0,0,0
VBL,OK,1612,2020-01-01T00:00:00.000000,2026-06-30T00:00:00.000000,0,0,0,0,0,0
VEDL,OK,1612,2020-01-01T00:00:00.000000,2026-06-30T00:00:00.000000,0,0,0,0,0,2
VMM,OK,378,2024-12-18T00:00:00.000000,2026-06-30T00:00:00.000000,0,0,0,0,0,0
VOLTAS,OK,1611,2020-01-01T00:00:00.000000,2026-06-30T00:00:00.000000,0,0,0,0,0,0
WAAREEENER,OK,413,2024-10-28T00:00:00.000000,2026-06-30T00:00:00.000000,0,0,0,0,0,1
WELCORP,OK,1611,2020-01-01T00:00:00.000000,2026-06-30T00:00:00.000000,0,0,0,0,0,2
WHIRLPOOL,OK,1611,2020-01-01T00:00:00.000000,2026-06-30T00:00:00.000000,0,0,0,0,0,2
WIPRO,OK,1612,2020-01-01T00:00:00.000000,2026-06-30T00:00:00.000000,0,0,0,0,0,1
WOCKPHARMA,OK,1611,2020-01-01T00:00:00.000000,2026-06-30T00:00:00.000000,0,0,0,0,0,9
YESBANK,OK,1611,2020-01-01T00:00:00.000000,2026-06-30T00:00:00.000000,0,0,0,0,0,12
ZENSARTECH,OK,1611,2020-01-01T00:00:00.000000,2026-06-30T00:00:00.000000,0,0,0,0,0,4
ZYDUSLIFE,OK,1611,2020-01-01T00:00:00.000000,2026-06-30T00:00:00.000000,0,0,0,0,0,1
