FeatureA,FeatureB,Correlation
RSI14,RSI21,0.9785527151903363
Trend180_TrendStrength,MA50_MA200,0.9449199151098989
RSI7,RSI14,0.9358669073759701
RSI14,DI_Diff,0.9291279335964043
Trend126_TrendStrength,MA50_MA200,0.922972168879492
RSI21,DI_Diff,0.9184228824206434
Momentum6_1,MA50_MA200,0.9081061381875849
VolumeToMA20,VolumeToMA60,0.9028442479468762
CloseToMA100,CloseToMA200,0.90233551535595
CloseToMA50,CloseToMA100,0.894930845994162
Momentum6_1,Trend126_TrendStrength,0.8863044187582727
Trend60_TrendStrength,MA20_MA50,0.8766908628660934
CloseToMA50,RSI21,0.8725242112718526
Momentum6_1,Trend180_TrendStrength,0.8722305117094098
CloseToMA200,MA50_MA200,0.8711616409096249
Momentum9_1,Trend180_TrendStrength,0.8695695123370907
Momentum12_1,RS252,0.8669568737910412
VolumeToMA20,VolumeZScore,0.8649913798795689
CloseTo52WHigh,CloseTo126DHigh,0.8598778147189043
VolumeToMA60,VolumeZScore,0.8587608476531431
Momentum9_1,MA50_MA200,0.8585630838577764
RSI7,RSI21,0.8540667005405892
Trend90_TrendStrength,Trend126_TrendStrength,0.8488030691353259
RSI7,DI_Diff,0.8463663606367129
Trend126_TrendStrength,Trend180_TrendStrength,0.8454056225456535
Trend126_TrendStrength,CloseToMA200,0.8366523172549946
CloseToMA20,CloseToMA50,0.8353903830397119
Momentum3_1,Trend90_TrendStrength,0.831713313424991
CloseToMA20,RSI14,0.8296527747785377
CloseToMA50,RSI14,0.8270492171476974
Trend60_TrendStrength,CloseToMA100,0.8221771792308985
CloseToMA20,RSI7,0.819722021131715
RS63,CloseToMA100,0.8194469534847864
Momentum6_1,Momentum9_1,0.8132634732539161
CloseToMA50,DI_Diff,0.8126628304503709
Momentum9_1,Momentum12_1,0.81030599474383
CloseToMA20,DI_Diff,0.8081464736547104
Trend90_TrendStrength,CloseToMA200,0.8065262566337048
Trend180_TrendStrength,CloseToMA200,0.8054992753566996
CloseToMA100,MA20_MA50,0.8049293015470961
RS126,CloseToMA200,0.8047803904348002
