SignalFamily,LookbackDays,FormationDate,InitialCapital,FinalValue,NetPnL,TotalReturn,CAGR,AnnualizedVolatility,MaxDrawdown,Sharpe,Sortino,GainLossRatio,WinRate
3M,50,2021-01-01T00:00:00.000000,100000000,848866627.9674096,748866627.9674096,7.460813341020014,0.4760972286634846,0.32434093701551525,-0.40925802025350133,1.3868353452805953,1.797298780089751,1.023311087983104,0.5556374355195284
3M,50,2021-07-01T00:00:00.000000,100000000,555218875.5714711,455218875.5714711,4.517094051308299,0.40774847410410353,0.3322966625598954,-0.5297853764086422,1.2158959884856846,1.7090509568042254,0.9757728826084868,0.5578947368421052
3M,50,2022-01-01T00:00:00.000000,100000000,544428413.6616242,444428413.6616242,4.423902928862517,0.45760850451982327,0.2529191987730738,-0.24180533055939135,1.6469554982772192,2.209432312588107,0.9516364750879178,0.5825067628494139
3M,50,2022-07-01T00:00:00.000000,100000000,345994146.4479692,245994146.4479692,2.4628430423095744,0.36530109030694247,0.26676429391012696,-0.2878936054998015,1.3259083801218057,1.7238368933265096,0.9344012503102612,0.5736040609137056
3M,50,2023-01-01T00:00:00.000000,100000000,364496564.48694813,264496564.48694813,2.6227653500722625,0.4459343546396648,0.3447343020608294,-0.44329703359917616,1.2654058081769277,1.7433521556917362,1.0396199529694556,0.5464037122969838
3M,50,2023-07-01T00:00:00.000000,100000000,542574433.8463538,442574433.84635377,4.388774665913996,0.755672420293378,0.4273446235698139,-0.3091577363024478,1.683676024132759,3.561273559254869,1.0934252090361194,0.5761689291101055
3M,50,2024-01-01T00:00:00.000000,100000000,252536704.43382567,152536704.43382567,1.5275857720830235,0.4508934772491069,0.2768120767778398,-0.29352901836446144,1.5120606911985965,2.20278404871364,1.021899980175435,0.5577235772357724
3M,50,2024-07-01T00:00:00.000000,100000000,101608948.93599297,1608948.935992971,0.02985194322743312,0.014867467768522769,0.2954941177510788,-0.29761394089256044,0.1985834321478615,0.2991143841439933,0.9148226349736511,0.5304878048780488
3M,50,2025-01-01T00:00:00.000000,100000000,108880543.48150945,8880543.481509447,0.08704014989859843,0.05763507583065519,0.25668991337881325,-0.23064814023461977,0.35150964288110303,0.5169683865380938,0.9560414782204708,0.5258855585831063
3M,63,2021-01-01T00:00:00.000000,100000000,868380132.412434,768380132.412434,7.744928404191276,0.4850143169800911,0.31791392266994756,-0.41678429070690004,1.4276372414852565,1.8458366877453356,1.021101461482801,0.5578481945467944
3M,63,2021-07-01T00:00:00.000000,100000000,313515491.92858744,213515491.92858744,2.1289262210533404,0.2566122346698525,0.30595345898830306,-0.5795967574245515,0.9151212601852949,1.2122129142736318,0.9871350930038532,0.5433198380566802
3M,63,2022-01-01T00:00:00.000000,100000000,496166626.03204226,396166626.03204226,3.951473650141603,0.42830543796713805,0.25362200285326963,-0.23030559946023454,1.5612254232780414,2.1160492833526505,0.9667064586738601,0.5752930568079351
3M,63,2022-07-01T00:00:00.000000,100000000,379468693.1065671,279468693.1065671,2.78387900239942,0.3959857098165507,0.28353248635562206,-0.27498280903047123,1.3440219193938163,1.7033790156395714,0.9214289470217583,0.5786802030456852
3M,63,2023-01-01T00:00:00.000000,100000000,347793966.425647,247793966.42564702,2.471883930848761,0.4284203547415537,0.3538297413106453,-0.42773010482814433,1.2059921601694434,1.7631564452608917,1.1428784138527273,0.5197215777262181
3M,63,2023-07-01T00:00:00.000000,100000000,479948984.14687943,379948984.14687943,3.804509078402389,0.6896160186030447,0.294912111125842,-0.3442561058364151,1.9649389245971913,2.655834742790957,1.0198136732188654,0.5764546684709067
3M,63,2024-01-01T00:00:00.000000,100000000,257558465.81364173,157558465.81364173,1.2501659524474915,0.4072817080608748,0.2848981205824124,-0.2842204383231093,1.36943304412498,2.0427697042790953,1.0336566059419947,0.5487179487179488
3M,63,2024-07-01T00:00:00.000000,100000000,116149766.52755783,16149766.527557835,0.17113509430883123,0.0824835320604167,0.28962861217490293,-0.36573821124514283,0.4238959787151111,0.6756682671714946,0.9719804830983649,0.524390243902439
3M,63,2025-01-01T00:00:00.000000,100000000,107863541.32971507,7863541.329715073,0.08741129618555465,0.05787751475424674,0.28009166430351407,-0.24780389121209478,0.34537523265483816,0.5005143018657755,1.0315240849515601,0.5068119891008175
3M,75,2021-01-01T00:00:00.000000,100000000,834367883.2050878,734367883.2050878,7.370196932152769,0.4732016938813268,0.3458722282072522,-0.4028939858018441,1.3152067699952739,1.6646262510686538,0.9924775996950344,0.5630066322770818
3M,75,2021-07-01T00:00:00.000000,100000000,261251019.16475978,161251019.16475978,1.5985975158708072,0.2107378632824135,0.29195151792907903,-0.5027462585139941,0.8148929478474276,1.0245250792726386,0.8827594588268438,0.5659919028340081
3M,75,2022-01-01T00:00:00.000000,100000000,458198347.2027762,358198347.2027762,3.5440936070098896,0.4012372135385718,0.27182924381351536,-0.27576076931515436,1.4014213691225155,1.8886380412090864,0.9596002802475638,0.5702702702702702
3M,75,2022-07-01T00:00:00.000000,100000000,309177365.79113805,209177365.79113805,2.0822824617727616,0.326030893850912,0.2734226484597606,-0.3439544212649639,1.1913593491482788,1.5289038727179003,0.9110234015615102,0.5746192893401015
3M,75,2023-01-01T00:00:00.000000,100000000,382399457.29890066,282399457.29890066,2.7958193054503373,0.46539260653519365,0.34782870529203,-0.44279592314721505,1.2959235294232072,1.8757558910006455,1.087159052935367,0.5359628770301624
3M,75,2023-07-01T00:00:00.000000,100000000,458590113.5658116,358590113.5658116,3.546747539593058,0.6587663158189381,0.27794619493843165,-0.3197894076163461,1.9993083071465518,2.668132976678501,0.9534318975915004,0.5940460081190798
3M,75,2024-01-01T00:00:00.000000,100000000,220944051.12604403,120944051.12604403,1.2142367682161126,0.3758270129249299,0.278693949302072,-0.30965890858498846,1.3091478874923366,1.8262888011841663,0.9877883729528731,0.5577235772357724
3M,75,2024-07-01T00:00:00.000000,100000000,122469922.50069495,22469922.500694945,0.2325594893820564,0.11060561528954249,0.2672736632952973,-0.3093169620226557,0.5343906189344151,0.8396598443698094,0.9394165208762996,0.5365853658536586
3M,75,2025-01-01T00:00:00.000000,100000000,104546563.0205049,4546563.020504907,0.04882438849805837,0.03252402214384764,0.28727185661356064,-0.23980043552252372,0.25714652887376416,0.40146433321256647,1.1323965840515287,0.47956403269754766
6M,100,2021-01-01T00:00:00.000000,100000000,1033142234.8148016,933142234.8148016,9.225557316416259,0.5279808425832722,0.3262590947482605,-0.3161148971336276,1.4876107805200822,1.8848596294524051,0.973717189318125,0.5755342667649226
6M,100,2021-07-01T00:00:00.000000,100000000,400784722.17674613,300784722.17674613,3.013705047993361,0.32086366014343004,0.32736977607438206,-0.4119588282209372,1.0319422870661266,1.2586967049487048,0.9339361348950028,0.562753036437247
6M,100,2022-01-01T00:00:00.000000,100000000,333049516.7965785,233049516.79657853,2.299861515652325,0.30480738519559925,0.27132830556440724,-0.3186874424838778,1.1353922893491462,1.6033415309179175,0.9368285034166746,0.563963963963964
6M,100,2022-07-01T00:00:00.000000,100000000,426441014.52009755,326441014.52009755,3.233737907791684,0.4358568327136767,0.2795130961090953,-0.31280065927628986,1.4622013294159966,1.8614552338198123,0.9320339477776772,0.5807106598984771
6M,100,2023-01-01T00:00:00.000000,100000000,385386956.5230313,285386956.5230313,2.847785072051016,0.47111181568848015,0.3364976892007832,-0.42775253972210703,1.3399082012852088,1.9312824870077117,1.0702360658123984,0.5417633410672854
6M,100,2023-07-01T00:00:00.000000,100000000,412046306.3511245,312046306.3511245,3.129439193767144,0.6062515313959114,0.2684673950553629,-0.3270725331374319,1.9374797333673914,2.7584049659324186,1.0199255693791904,0.5737483085250338
6M,100,2024-01-01T00:00:00.000000,100000000,221864496.76279444,121864496.76279444,0.9581360001702381,0.32723442448314866,0.27859299855937947,-0.27204884166381915,1.1791129261228883,1.6669677207515698,0.9021095863422793,0.5743589743589743
6M,100,2024-07-01T00:00:00.000000,100000000,140176909.5774305,40176909.57743049,0.4092144860965219,0.18780280911079972,0.29580365738491277,-0.355647914491905,0.7430512582012329,1.1519752305482485,0.9393169626514877,0.5458248472505092
6M,100,2025-01-01T00:00:00.000000,100000000,116640097.95593572,16640097.955935717,0.1704558338151283,0.11146201002958622,0.28011122414712275,-0.2141699543616793,0.5252529368923617,0.8492992640392623,1.1091461434653547,0.49591280653950953
6M,126,2021-01-01T00:00:00.000000,100000000,1145305008.0406153,1045305008.0406153,10.453361189732512,0.5599044041713255,0.292708150180799,-0.3157034711570438,1.695326668602384,2.1953136839472607,0.9741622177884547,0.5799557848194546
6M,126,2021-07-01T00:00:00.000000,100000000,416305457.71399033,316305457.71399033,3.143391063925783,0.3293014951133495,0.32468730201824425,-0.48306022113575553,1.057408097979121,1.3659732556629118,0.9469934279752414,0.5595141700404859
6M,126,2022-01-01T00:00:00.000000,100000000,419661864.74999475,319661864.74999475,3.170573878413296,0.3747071866246172,0.24352855140720767,-0.25540623287573283,1.4541770884846874,2.007451829028839,1.0075573871441537,0.5594594594594594
6M,126,2022-07-01T00:00:00.000000,100000000,374767891.7388326,274767891.7388326,2.7186590345365693,0.3899144495877813,0.2886342827021212,-0.28532118456094957,1.3098365318419463,1.6719983184463045,0.9009997266426071,0.582741116751269
6M,126,2023-01-01T00:00:00.000000,100000000,345583935.71398914,245583935.71398914,2.4769201917362356,0.4290136275784491,0.32988885997209955,-0.37706356384612905,1.269951113180147,1.828594519364704,1.0932694711157265,0.5336426914153132
6M,126,2023-07-01T00:00:00.000000,100000000,224436848.78249684,124436848.78249684,1.2354701376984294,0.3084263938731848,0.287107641080176,-0.42301480790141854,1.0986412455841925,1.4379781196691863,0.9291664244641039,0.5662162162162162
6M,126,2024-01-01T00:00:00.000000,100000000,222750752.31074023,122750752.31074023,1.0613627339697311,0.3562728285140575,0.28761022970559835,-0.2565617871136796,1.2283931893524531,1.7087961337034119,0.9162120439053748,0.5726495726495726
6M,126,2024-07-01T00:00:00.000000,100000000,127591348.50454777,27591348.504547775,0.28516733069790967,0.1341406739528903,0.3071025434263832,-0.3946097328787397,0.5725822541400876,0.888504348007817,1.000956297794043,0.5234215885947047
6M,126,2025-01-01T00:00:00.000000,100000000,85991560.97479174,-14008439.025208265,-0.13649698307045222,-0.09383648747650308,0.2895443208249657,-0.34762212362130895,-0.2035669526676656,-0.30298342897114894,0.9000010995529597,0.5177111716621253
6M,150,2021-01-01T00:00:00.000000,100000000,1002106793.0251255,902106793.0251255,8.951188636910636,0.5204213815419942,0.32970088918450763,-0.3809582079120015,1.4595713995748905,1.8901083556037672,0.9758854890727308,0.5733235077376566
6M,150,2021-07-01T00:00:00.000000,100000000,408382759.0799575,308382759.0799575,3.0940335194599244,0.32611535272815484,0.300391020083861,-0.34212649911769766,1.109138640206319,1.4058465922642835,0.9020445876771521,0.5740890688259109
6M,150,2022-01-01T00:00:00.000000,100000000,403374411.0289459,303374411.0289459,2.9875565095853216,0.36102812628480585,0.26669413953423143,-0.29248597329186965,1.3118532270519399,1.8332788787055063,0.9428191166443727,0.5693693693693693
6M,150,2022-07-01T00:00:00.000000,100000000,600491616.833488,500491616.833488,4.950720917678102,0.5637740975805852,0.27803370759315565,-0.27211722476588407,1.7820275303018063,2.359767810196376,0.919508756714941,0.5959390862944163
6M,150,2023-01-01T00:00:00.000000,100000000,332086974.5964576,232086974.5964576,2.321195242688341,0.4103779692454177,0.3000102778413061,-0.3497590020098468,1.3207396497970483,1.821093537834218,0.9851754557289017,0.5614849187935035
6M,150,2023-07-01T00:00:00.000000,100000000,237204147.7154277,137204147.7154277,1.3684798304387273,0.3339430444721172,0.29834745081496383,-0.39885195590020317,1.1347262522635193,1.4952162685816037,1.0208201151347758,0.5445945945945946
6M,150,2024-01-01T00:00:00.000000,100000000,290116266.5062496,190116266.5062496,1.5511728072613633,0.4837184188330219,0.27546561262337627,-0.28114984498460804,1.606402294954209,2.202929417879311,0.9160719137803663,0.5873287671232876
6M,150,2024-07-01T00:00:00.000000,100000000,144117899.43749237,44117899.43749237,0.44676019204536876,0.20357644995895385,0.3063697751156262,-0.3450239068492297,0.7720342869213858,1.1639347419460546,0.9836081972285211,0.5356415478615071
6M,150,2025-01-01T00:00:00.000000,100000000,87031963.29792051,-12968036.70207949,-0.12294678399801895,-0.08431365061412022,0.2786053025341808,-0.35025633843077286,-0.18449172715253603,-0.28066845626213555,0.9534816311575033,0.5040871934604905
12M,200,2021-01-01T00:00:00.000000,100000000,941592704.1595819,841592704.1595819,8.50984249342967,0.5078958511160898,0.2968707879247028,-0.3860402790452139,1.5590552970870915,2.059364024052585,1.0204594649420744,0.5637435519528371
12M,200,2021-07-01T00:00:00.000000,100000000,430074144.1316389,330074144.1316389,3.3443427732259847,0.3419681219846131,0.29697566073577086,-0.3726662453586177,1.159401815551538,1.4563506247421623,0.927962339379073,0.5692307692307692
12M,200,2022-01-01T00:00:00.000000,100000000,353902158.751135,253902158.751135,2.5161638540007183,0.32339995920944475,0.29492100381683944,-0.4515107434296255,1.1164225894859952,1.5475349202348747,0.9722790314502482,0.5540540540540541
12M,200,2022-07-01T00:00:00.000000,100000000,401160510.5546195,301160510.5546195,2.979600526828104,0.4137465718535689,0.2848821443044691,-0.29699720147949604,1.3841560788042828,1.775931394481451,0.8831853778043992,0.5908629441624366
12M,200,2023-01-01T00:00:00.000000,100000000,285034171.31123805,185034171.31123805,1.864496133648717,0.3518573862807133,0.3222069192302697,-0.38284197821597143,1.1165434041916331,1.6222840801515237,1.1015687762844555,0.5243619489559165
12M,200,2023-07-01T00:00:00.000000,100000000,249412833.18740344,149412833.18740344,1.4777846741438379,0.3542068622975132,0.30791708111617627,-0.32616542409580973,1.158849993184969,1.5341420172357105,0.9473489801186802,0.5635135135135135
12M,200,2024-01-01T00:00:00.000000,100000000,292408653.8821602,192408653.8821602,1.9083053720534724,0.5349451832385363,0.27209320060955583,-0.28868781240470043,1.7482008347546178,2.3603472422509064,0.9373252034457679,0.5879478827361564
12M,200,2024-07-01T00:00:00.000000,100000000,168014110.16422045,68014110.16422045,0.6943962851144574,0.30286891248741,0.29284787099485476,-0.28910293608526905,1.070645387509007,1.6582989329912585,1.0525079035660232,0.5315682281059063
12M,200,2025-01-01T00:00:00.000000,100000000,111926726.4820726,11926726.482072607,0.11961722433748134,0.07881274299363561,0.2917419475567211,-0.3020262420040174,0.41137575013387107,0.6406040598683272,1.0769155117073332,0.4986376021798365
12M,252,2021-07-01T00:00:00.000000,100000000,503704285.2305087,403704285.2305087,4.060658619108177,0.38361462410585223,0.2846193302571313,-0.34162926212204947,1.3063971035750783,1.6612100275236366,0.947778687053036,0.5700404858299595
12M,252,2022-01-01T00:00:00.000000,100000000,220012518.15988126,120012518.15988126,1.2012542552211078,0.1922403488848059,0.2848632341788175,-0.4113268377293563,0.7723678165018155,0.9876219247187491,0.924591435356259,0.5531531531531532
12M,252,2022-07-01T00:00:00.000000,100000000,496728479.5789918,396728479.5789918,3.950370135501415,0.49326256185827955,0.2775691415258923,-0.29164947170622146,1.6130384026552576,2.2360148019724138,0.9717269813961694,0.5750507099391481
12M,252,2023-01-01T00:00:00.000000,100000000,292441028.7551404,192441028.75514042,1.9332020804193175,0.3610677171101795,0.32714776703469073,-0.33937814473868144,1.126052725742711,1.5981942140655803,1.0791051923800539,0.5301624129930395
12M,252,2023-07-01T00:00:00.000000,100000000,280817558.28239024,180817558.28239024,1.7979066908547106,0.41032483846098344,0.2804807311039779,-0.320111789778873,1.3907836172474646,1.8195445486046509,0.961112891438127,0.5702702702702702
12M,252,2024-01-01T00:00:00.000000,100000000,282476735.07714343,182476735.07714343,1.8175984637739497,0.5155476885877992,0.2704520746496731,-0.31197690589564575,1.7091837207095428,2.2833600596018884,0.9765231300824853,0.5765472312703583
12M,252,2024-07-01T00:00:00.000000,100000000,175020455.45587832,75020455.45587832,0.7569808380069234,0.3267948757778203,0.29241111361497696,-0.2554195600191166,1.1356207066120294,1.7870926661869002,0.961709868418823,0.5560081466395111
12M,252,2025-01-01T00:00:00.000000,100000000,110493847.63823523,10493847.638235226,0.10585243992286686,0.06988958963973269,0.296742415273248,-0.3039675275828234,0.380936704924718,0.5657566568946112,1.048463196920441,0.5040871934604905
12M,300,2021-07-01T00:00:00.000000,100000000,415651922.96680146,315651922.96680146,3.191046897280323,0.3323491145168833,0.30057216973860623,-0.4296193546680742,1.1247994943743667,1.4191410264779982,0.9706038686446719,0.557085020242915
12M,300,2022-01-01T00:00:00.000000,100000000,220012518.15988126,120012518.15988126,1.2012542552211083,0.1922403488848059,0.2848632341788175,-0.4113268377293562,0.7723678165018154,0.9876219247187485,0.9245914353562592,0.5531531531531532
12M,300,2022-07-01T00:00:00.000000,100000000,414128853.6290817,314128853.6290817,3.151896897434902,0.42884779361610237,0.2645253981598081,-0.2677688334419194,1.5088264837329555,2.1528114011092025,1.0190926364186834,0.5588235294117647
12M,300,2023-01-01T00:00:00.000000,100000000,326972130.2744727,226972130.2744727,2.2856732188332733,0.4060400343052841,0.3249508012480089,-0.35244474568834017,1.233688926977472,1.698776949557357,1.0285302771656168,0.5475638051044084
12M,300,2023-07-01T00:00:00.000000,100000000,286589766.9138818,186589766.91388178,1.8485705810810926,0.4188079406093719,0.2854126169242032,-0.32278708510168486,1.3931131228012463,1.8105674364731608,0.9848196162119024,0.5648648648648649
12M,300,2024-01-01T00:00:00.000000,100000000,246830036.9069689,146830036.9069689,1.09575032503174,0.3657588119404105,0.30000589651388426,-0.24903782226335025,1.2135288529797874,1.700990553637108,0.9687153954631197,0.558974358974359
12M,300,2024-07-01T00:00:00.000000,100000000,151368674.0982489,51368674.0982489,0.5243607922832634,0.23554410419884908,0.31567634732828165,-0.2875166270079207,0.8430843103578379,1.3111087818699008,1.0130093319324316,0.5315682281059063
12M,300,2025-01-01T00:00:00.000000,100000000,153458998.4564177,53458998.45641771,0.5276259870475195,0.3290823190372676,0.31327750943850097,-0.2478074533738911,1.0852408454465892,1.71131251829443,1.0090114794704963,0.5422343324250681
